Model,MSE,MAE,R2
CNN-BiLSTM,0.009619599321495831,0.08835385138619453,-0.8808012063142969
Bi-GRU,0.0554676263312192,0.22927988523902626,-9.844898527325107
CNN-BiGRU,0.037454140092767416,0.1846484082533448,-6.322944492140006
LSTM_iTransformer_Improved,2.000545384899009e-05,0.0034163988738638313,0.9960885811898665
